{"data": [0.7091978087595694, 0.5204465832236362, 0.47557735654829897, 0.38148594524628526, 0.48652106528572714, 0.2867246630611098, 0.318140814126587, 0.45773023657685236, 0.4741562475761063, 0.5104831502026307, 0.4670014116757799, 0.7220225999593276, 0.3325046819788426, 0.28587374095781326, 0.2725974159923157, 0.2690497349984425, 0.23296624486919337, 0.22491788514593225, 0.24159447516136814, 0.29451664752800366, 0.1541476083412787, 0.3174122662403844, 0.3174122662403844, 0.29161161112171974, 0.3174122662403844, 0.35266547331884207, 0.36692028487309836, 0.4404944151948162, 0.27247290626877996, 0.27524333078273067, 0.27247290626877996, 0.33869103737417255, 0.45607867678783515], "indices": [554, 1271, 4977, 1559, 1813, 2053, 2484, 2781, 4919, 694, 3680, 4636, 1013, 1237, 1238, 1329, 1591, 1733, 1754, 2077, 2100, 2989, 3525, 4074, 4535, 639, 769, 861, 2126, 2564, 2646, 3530, 4457], "indptr": [0, 3, 9, 12, 25, 33], "shape": [5, 5000]}